{
	"credit": "Made with Blockbench",
	"textures": {
		"3": "block/coal_block",
		"4": "block/iron_block",
		"5": "block/netherite_block",
		"particle": "block/netherite_block"
	},
	"elements": [
		{
			"name": "Cube",
			"from": [7, 0, 12],
			"to": [9, 5, 15],
			"faces": {
				"north": {"uv": [0, 0, 2, 5], "texture": "#3"},
				"east": {"uv": [0, 0, 3, 5], "texture": "#3"},
				"south": {"uv": [0, 0, 2, 5], "texture": "#3"},
				"west": {"uv": [0, 0, 3, 5], "texture": "#3"},
				"up": {"uv": [0, 0, 0, 0], "texture": "#3"},
				"down": {"uv": [0, 0, 3, 2], "texture": "#3"}
			}
		},
		{
			"name": "Cube",
			"from": [7, 7, 2],
			"to": [9, 8, 14],
			"faces": {
				"north": {"uv": [0, 0, 2, 1], "texture": "#4"},
				"east": {"uv": [0, 0, 12, 1], "texture": "#4"},
				"south": {"uv": [0, 0, 2, 1], "texture": "#4"},
				"west": {"uv": [0, 0, 12, 1], "texture": "#4"},
				"up": {"uv": [0, 1, 1, 13], "texture": "#4"},
				"down": {"uv": [0, 0, 1, 12], "texture": "#missing"}
			}
		},
		{
			"name": "Cube",
			"from": [7.3, 2.8, 7],
			"to": [8.7, 5.2, 8],
			"rotation": {"angle": -22.5, "axis": "x", "origin": [8, 8, 8]},
			"faces": {
				"north": {"uv": [0, 0, 1.4, 2.4], "texture": "#3"},
				"east": {"uv": [0, 0, 1, 2.4], "texture": "#3"},
				"south": {"uv": [0, 0, 1.4, 2.4], "texture": "#3"},
				"west": {"uv": [0, 0, 1, 2.4], "texture": "#3"},
				"up": {"uv": [0, 0, 1.4, 1], "texture": "#3"},
				"down": {"uv": [0, 0, 1.4, 1], "texture": "#3"}
			}
		},
		{
			"name": "Cube",
			"from": [7.2, 2.2, 9],
			"to": [8.8, 3.2, 12],
			"faces": {
				"north": {"uv": [0, 0, 1.6, 1], "texture": "#3"},
				"east": {"uv": [0, 0, 3, 1], "texture": "#3"},
				"south": {"uv": [0, 0, 0, 0], "texture": "#3"},
				"west": {"uv": [0, 0, 3, 1], "texture": "#3"},
				"up": {"uv": [0, 0, 1.6, 3], "texture": "#3"},
				"down": {"uv": [0, 0, 1.6, 3], "texture": "#3"}
			}
		},
		{
			"name": "Cube",
			"from": [7, 5, 3],
			"to": [9, 7, 15],
			"faces": {
				"north": {"uv": [1, 1, 2, 3], "texture": "#5"},
				"east": {"uv": [1, 2, 14, 1], "texture": "#5"},
				"south": {"uv": [0, 0, 2, 2], "texture": "#5"},
				"west": {"uv": [1, 2, 13, 1], "texture": "#5"},
				"up": {"uv": [0, 0, 12, 2], "texture": "#5"},
				"down": {"uv": [0, 0, 12, 2], "texture": "#5"}
			}
		},
		{
			"name": "Cube",
			"from": [7.5, 6.5, 1.6],
			"to": [8.5, 7.5, 14.6],
			"faces": {
				"north": {"uv": [0, 0, 1, 1], "texture": "#3"},
				"east": {"uv": [0, 0, 13, 1], "texture": "#3"},
				"south": {"uv": [0, 0, 1, 1], "texture": "#3"},
				"west": {"uv": [0, 0, 13, 1], "texture": "#3"},
				"up": {"uv": [0, 0, 1, 13], "texture": "#3"},
				"down": {"uv": [0, 0, 1, 13], "texture": "#3"}
			}
		},
		{
			"name": "Cube",
			"from": [7.8, 5.2, 12.1],
			"to": [8.4, 6.9, 12.8],
			"rotation": {"angle": 22.5, "axis": "x", "origin": [8, 8, 8]},
			"faces": {
				"north": {"uv": [0, 0, 0.6, 1.7], "texture": "#3"},
				"east": {"uv": [0, 0, 0.7, 1.7], "texture": "#3"},
				"south": {"uv": [0, 0, 0.6, 1.7], "texture": "#3"},
				"west": {"uv": [0, 0, 0.7, 1.7], "texture": "#3"},
				"up": {"uv": [0, 0, 0.6, 0.7], "texture": "#3"},
				"down": {"uv": [0, 0, 0.6, 0.7], "texture": "#3"}
			}
		},
		{
			"name": "Cube",
			"from": [7, 6, 2],
			"to": [9, 7, 3],
			"faces": {
				"north": {"uv": [1, 1, 3, 2], "texture": "#5"},
				"east": {"uv": [1, 1, 2, 2], "texture": "#5"},
				"west": {"uv": [1, 1, 2, 2], "texture": "#5"},
				"down": {"uv": [1, 1, 2, 3], "texture": "#5"}
			}
		}
	],
	"display": {
		"thirdperson_righthand": {
			"translation": [0, 3.25, -1.5],
			"scale": [0.7, 0.7, 0.7]
		},
		"thirdperson_lefthand": {
			"translation": [0, 2.75, -1.75],
			"scale": [0.7, 0.7, 0.7]
		},
		"firstperson_righthand": {
			"rotation": [0, -10, 0],
			"translation": [1.25, 6, 0],
			"scale": [0.7, 0.7, 0.7]
		},
		"firstperson_lefthand": {
			"rotation": [0, -10, 0],
			"translation": [1, 6, 1.25],
			"scale": [0.7, 0.7, 0.7]
		},
		"ground": {
			"translation": [0, 5, 0]
		},
		"gui": {
			"rotation": [30, 113, 0],
			"translation": [0.5, 3.5, 0],
			"scale": [-1, 1, -1]
		},
		"head": {
			"translation": [0, 14, -5.5]
		},
		"fixed": {
			"rotation": [0, 90, 0],
			"translation": [-1, 4.25, -1],
			"scale": [1.1, 1.1, 1.1]
		}
	}
}